дальневосточный газета золотой|6
газета золотой рог|6
последний новость сегодня|3
кампус двфу остров|2
двфу остров русский|2
владивосток кампус двфу|2
остров русский владивосток|2
остров русский сталкиваться|1
русский сталкиваться дефицит|1
сталкиваться дефицит электричество|1
дефицит электричество двфу|1
электричество двфу пойти|1
двфу пойти протягивать|1
пойти протягивать рука|1
протягивать рука регион|1
рука регион россия|1
регион россия посещение|1
россия посещение медицинский|1
посещение медицинский центр|1
медицинский центр дальневосточный|1
