происшествие новость санкт-петербург|3
становиться чемпион мир|2
хороший вуз мир|2
общество новость санкт-петербург|2
переезд спбга необходимость|2
спбга необходимость афера|2
картина потомок екатерина|2
новость петербург петербург|2
новость петербург школа|2
спбга готовиться полный|1
готовиться полный переезд|1
полный переезд гатчина|1
переезд гатчина команда|1
гатчина команда спбга|1
команда спбга побеждать|1
спбга побеждать студенческий|1
побеждать студенческий чемпионат|1
студенческий чемпионат российский|1
чемпионат российский программист|1
российский программист становиться|1
