рейтинг хороший школа|3
станция метро бауманский|2
новость потребительский рынок|2
хороший школа москва|2
преподаватель мгту бауман|1
мгту бауман обвинять|1
бауман обвинять госизмена|1
обвинять госизмена госизменник|1
госизмена госизменник чистый|1
госизменник чистый репутация|1
чистый репутация ученый|1
репутация ученый лапыгин|1
ученый лапыгин летний|1
лапыгин летний сотрудник|1
летний сотрудник роскосмос|1
сотрудник роскосмос подозревать|1
роскосмос подозревать мгту|1
подозревать мгту имя|1
мгту имя бауман|1
имя бауман год|1
