вице-президент роснефть назначать|3
роснефть назначать виктор|3
назначать виктор иваново|3
виктор иваново бывший|3
иваново бывший начальник|3
бывший начальник сизо|3
начальник сизо осуждать|3
сизо осуждать около|3
осуждать около тыс|3
около тыс свердловчанин|3
тыс свердловчанин осень|3
свердловчанин осень пойти|3
осень пойти служить|3
пойти служить армия|3
биография зорин валентин|3
зорин валентин сергеевич|3
валентин сергеевич известный|3
сергеевич известный хроника|3
известный хроника победа|3
хроника победа штурман|3
