новость общество ВШЭ|3
отчисление магистратура ВШЭ|2
егор жуков новость|2
жуков новость общество|2
ВШЭ предлагать повышать|2
предлагать повышать налог|2
средний класс россия|2
делать политический заявление|2
политический заявление лицо|2
умный оптимизация госаппарат|2
эксперт ВШЭ называть|2
эксперт ВШЭ оценивать|2
оппозиционный преподаватель ВШЭ|2
бояться потерять работа|2
ВШЭ объявлять выговор|2
студент ВШЭ егор|2
ВШЭ егор жуков|2
падение реальный доход|2
высокий школа экономика|2
переходить дистанционный обучение|2
