итмо входить топ|2
технопарк хайпарк итмо|2
проект итмо хайпарк|2
ученый итмо находить|2
физика россия создавать|2
журнал популярный механика|2
российский ученый научать|2
общество новость санкт-петербург|2
входить топ хороший|1
топ хороший вуз|1
хороший вуз страна|1
вуз страна версия|1
страна версия Forbes|1
версия Forbes Forbes|1
Forbes Forbes составлять|1
Forbes составлять рейтинг|1
составлять рейтинг российский|1
рейтинг российский вуз|1
российский вуз петербургский|1
вуз петербургский десятка|1
