журнал популярный механика|3
андрей гейм константин|2
гейм константин новосел|2
нобелевский премия получать|1
премия получать выпускник|1
получать выпускник мфти|1
выпускник мфти российский|1
мфти российский ученый|1
российский ученый андрей|1
ученый андрей гейм|1
константин новосел андрей|1
новосел андрей гейм|1
константин новосел получать|1
новосел получать золотой|1
получать золотой основатель|1
золотой основатель Abbyy|1
основатель Abbyy маркетинг|1
Abbyy маркетинг формула|1
маркетинг формула счастие|1
формула счастие секс|1
