новосибирский ученый подарить|2
ученый подарить путин|2
бунт срочник нацгвардия|2
житель советский район|2
последний суперлуние год|2
суперлуние год увидеть|2
год увидеть новосибирец|2
национальный гвардия украина|2
подарить путин доспехи|1
путин доспехи древнетюркский|1
доспехи древнетюркский воин|1
древнетюркский воин владимир|1
воин владимир путин|1
владимир путин изготавливать|1
путин изготавливать доспехи|1
изготавливать доспехи древний|1
доспехи древний воин|1
древний воин новосибирск|1
воин новосибирск показывать|1
новосибирск показывать доспехи|1
