новость общество красноярск|5
общество красноярск красноярский|5
красноярск красноярский край|5
ответ вопрос автор|5
красноярск новость общество|4
газификация красноярский край|2
право ответ вопрос|2
сфу презентовать новый|1
презентовать новый студенческий|1
новый студенческий микрорайон|1
студенческий микрорайон красноярск|1
микрорайон красноярск достраивать|1
красноярск достраивать новый|1
достраивать новый конгресс-холл|1
новый конгресс-холл сфу|1
конгресс-холл сфу второй|1
сфу второй высотка|1
второй высотка общежитие|1
высотка общежитие сфу|1
общежитие сфу обставлять|1
