бесплатный студенческий версия|1
студенческий версия CAD|1
версия CAD система|1
CAD система Solid|1
система Solid Edge|1
Solid Edge PLM|1
Edge PLM использовать|1
PLM использовать российский|1
использовать российский автопром|1
российский автопром FEA|1
автопром FEA пилот|1
FEA пилот камаз|1
пилот камаз владимир|1
камаз владимир чагин|1
владимир чагин становиться|1
чагин становиться семикратный|1
становиться семикратный компания|1
семикратный компания PTC|1
компания PTC представлять|1
PTC представлять Mathcad|1
