губернатор челябинский область|2
людмила задорина директор|1
задорина директор студгородок|1
директор студгородок юурга|1
студгородок юурга жизнь|1
юурга жизнь общажный|1
жизнь общажный All|1
общажный All inclusive|1
All inclusive студент|1
inclusive студент преподаватель|1
студент преподаватель юурга|1
преподаватель юурга считать|1
юурга считать логарифм|1
считать логарифм комплексный|1
логарифм комплексный южноуральский|1
комплексный южноуральский вуз|1
южноуральский вуз принимать|1
вуз принимать документ|1
принимать документ первый|1
документ первый добираться|1
