уральский федеральный университет|5
учебный научный центр|4
научный центр урфа|3
входить топ хороший|3
бывший вице-мэр сергей|2
запуск воздушный шар|2
преподаватель журфак урфа|2
федеральный университет екатеринбург|2
урфа входить топ|2
специализированный учебный научный|2
топ хороший школа|2
попадать топ хороший|2
ректор урфа заявлять|1
урфа заявлять вуз|1
заявлять вуз получать|1
вуз получать хороший|1
получать хороший студенческий|1
хороший студенческий кампус|1
студенческий кампус универсиада|1
кампус универсиада корпус|1
