Студенты ЛЭТИ выложили|1
ЛЭТИ выложили интернет|1
выложили интернет видео|1
интернет видео жестокого|1
видео жестокого посвящения|1
жестокого посвящения Кетчуп,|1
посвящения Кетчуп, йогурт,|1
Кетчуп, йогурт, унитаз:|1
йогурт, унитаз: первокурсники|1
унитаз: первокурсники питерского|1
первокурсники питерского ЛЭТИ|1
питерского ЛЭТИ шокировали|1
ЛЭТИ шокировали своим|1
шокировали своим видео|1
своим видео посвящения|1
видео посвящения студенты|1
посвящения студенты проспекте|1
студенты проспекте Стачек|1
проспекте Стачек откроют|1
Стачек откроют дот-музей|1
