Город Новости Санкт-Петербурга|2
лучших вузов мира|2
Харбине определили лучших|2
определили лучших знатоков|2
лучших знатоков русского|2
знатоков русского языка|2
русского языка Остров|2
языка Остров свободы|2
Остров свободы лишил|2
свободы лишил Тесака|2
лишил Тесака свободы|2
Тесака свободы Новости|2
свободы Новости Петербурга|2
Новости Петербурга Петербурге|2
Петербурга Петербурге Эболы|2
Петербурге Эболы готовят|2
Эболы готовят противочумные|2
готовят противочумные костюмы|2
противочумные костюмы Новости|2
костюмы Новости Петербурга|2
