Общество Новости Санкт-Петербурга|3
Минобороны договорилось сотрудничестве|1
договорилось сотрудничестве петербургскими|1
сотрудничестве петербургскими программистами|1
петербургскими программистами Кронштадте|1
программистами Кронштадте проведут|1
Кронштадте проведут урбанистические|1
проведут урбанистические исследования|1
урбанистические исследования ЛЭТИ|1
исследования ЛЭТИ рекомендовано|1
ЛЭТИ рекомендовано слиться|1
рекомендовано слиться Общество|1
слиться Общество Новости|1
Новости Санкт-Петербурга Санкт-Петербургский|1
Санкт-Петербурга Санкт-Петербургский вуз|1
Санкт-Петербургский вуз сотрудничать|1
вуз сотрудничать «Самый|1
сотрудничать «Самый богатый|1
«Самый богатый ректор|1
богатый ректор России»:|1
