Высшее образование FEA.RU|1
образование FEA.RU "Авиадвигатель"|1
FEA.RU "Авиадвигатель" завершил|1
"Авиадвигатель" завершил этап|1
завершил этап макета|1
этап макета программе|1
макета программе ПД-14|1
программе ПД-14 FEA.RU|1
ПД-14 FEA.RU Роботы|1
FEA.RU Роботы PETMAN,|1
Роботы PETMAN, Atlas|1
PETMAN, Atlas BigDog,|1
Atlas BigDog, разрабатываемые|1
BigDog, разрабатываемые История|1
разрабатываемые История рекордов|1
История рекордов скорости|1
рекордов скорости суше:|1
скорости суше: часть|1
суше: часть первая|1
часть первая FEA.RU|1
