Общественный транспорт Общество|2
Российские студенты ректоры|2
студенты ректоры попытались|2
ректоры попытались обсудить|2
попытались обсудить проблемы|2
обсудить проблемы современного|2
проблемы современного образования|2
Как выглядеть территория|2
выглядеть территория ЗИЛа|2
территория ЗИЛа реконструкции|2
ЗИЛа реконструкции Коммерческая|2
реконструкции Коммерческая недвижимость|2
ТПУ метро "Бульвар|1
метро "Бульвар Дмитрия|1
"Бульвар Дмитрия Донского"|1
Дмитрия Донского" откроется|1
Донского" откроется конца|1
откроется конца года|1
конца года ТПУ|1
года ТПУ будут|1
