РИА Томск ТПУ|11
Собянин утвердил проект|4
утвердил проект планировки|4
проект планировки ТПУ|3
территории ТПУ «Некрасовка»|3
ТПУ «Некрасовка» построят|3
Вcероссийский отраслевой интернет-журнал|3
отраслевой интернет-журнал «Строительство.RU»|3
tvtomsk.ru Новости Томска|3
Новости Томска области|3
РИА Томск Ученые|3
Сергей Собянин утвердил|2
проект планировки территории|2
планировки территории ТПУ|2
Технологические проекты ТПУ|2
проекты ТПУ вошли|2
ТПУ вошли программу|2
вошли программу НОЦа|2
программу НОЦа Экс-глава|2
НОЦа Экс-глава школы|2
