назвал окончательный состав|2
окончательный состав сборной|2
УГТУ-УПИ имени Ельцина|1
имени Ельцина существует|1
Ельцина существует УрФУ|1
существует УрФУ открывают|1
УрФУ открывают экстернат|1
открывают экстернат десятиклассников|1
экстернат десятиклассников Регистрация|1
десятиклассников Регистрация доменных|1
Регистрация доменных имен|1
доменных имен домене|1
имен домене .РФ|1
домене .РФ начнется|1
.РФ начнется Екатеринбурге|1
начнется Екатеринбурге наградят|1
Екатеринбурге наградят отряды|1
наградят отряды добровольных|1
отряды добровольных дружин|1
добровольных дружин Новости|1
